fragment_length	threshold_95	threshold_99
50	3.4812378989261834	4.6079895205351935
51	3.2574360186271796	4.297945488543542
52	3.166909584620896	4.281921471151525
53	3.130682077940447	4.218311607076773
54	3.0162563230755524	4.06997836741985
55	2.98062098019296	3.907584375548396
56	3.004345290153418	3.9699571220348244
57	3.048122217336399	4.067045797505739
58	3.0907948169191357	4.111486574901686
59	3.1554982394011346	4.205090473661745
60	3.1317440106754826	4.237353715477831
61	2.9937948956532083	3.968893783658739
62	2.8965246686853705	3.9032404914300596
63	2.699973083603803	3.5745339740627258
64	2.659302641264764	3.5534843173547594
65	2.6022340768554195	3.4517808417797373
66	2.5064002557360485	3.3180739911700536
67	2.451707929143211	3.2463106469231464
68	2.507151264566355	3.3583971133886363
69	2.4759022052940067	3.3201730317971823
70	2.4744834228773236	3.298088467749771
71	2.386119523544628	3.2168961113642642
72	2.327910213283121	3.1519186480782495
73	2.240080491737636	3.0291659284926227
74	2.17146149489854	2.9022156759027604
75	2.1549044038399114	2.871323535425724
76	2.103858094073138	2.8136802491875073
77	1.979691637333415	2.5451584483632783
78	1.9416587272791284	2.4713156402469236
79	1.956779092519474	2.4554401887545554
80	1.9107165126172228	2.3753153619190073
81	1.853312393170901	2.2883505005150218
82	1.8164691782582347	2.2470226502593937
83	1.7325358127908745	2.155003131697093
84	1.6609403214407645	2.0391728495729042
85	1.64140937766055	2.0137309304735638
86	1.6091925314260038	1.9801852711997894
87	1.5702978783959824	1.9213097428492878
88	1.56534984074911	1.899839149853362
89	1.566340620077336	1.8769347031047163
90	1.5643286832731325	1.8335064714128515
91	1.547766925327755	1.804805432391934
92	1.531725552920457	1.7682706110822752
93	1.5092809108825118	1.7385372339854483
94	1.4434070636956546	1.6575129121164551
95	1.4047586315959	1.6287715709222632
96	1.3927612050249174	1.588932156920454
97	1.3817231753853219	1.5729067768804068
98	1.3836246521587445	1.582728489154663
99	1.3827021093849892	1.585696929970177
100	1.37828682656665	1.5701264368682124
101	1.3717650473827208	1.5687969346467974
102	1.3612845350369172	1.548417976060645
103	1.3428071055083226	1.5243128072139094
104	1.33727619279012	1.5103818262172963
105	1.3298535632978759	1.4996604225917907
106	1.3222199174836247	1.4909261881181324
107	1.3191733735692386	1.4818927921995213
108	1.3165420907994916	1.4762236094765626
109	1.316848409457356	1.4744017783145058
110	1.3156930688971242	1.4738909113254766
111	1.3108645103355705	1.4714406232536812
112	1.305776346032068	1.4644442896608536
113	1.2987937015075868	1.460176063222744
114	1.2938446744350536	1.4536098412125986
115	1.2876648856935708	1.447594180147244
116	1.2837708333436402	1.4356579392241295
117	1.2799487294598502	1.4261279754228626
118	1.276297214327716	1.4107385929406864
119	1.2725452707393898	1.402155551173602
120	1.2673963904508732	1.3965231731713539
121	1.2669340416036516	1.389867354026216
122	1.263706787119914	1.386391337280616
123	1.2594342131038627	1.3824223742886188
124	1.254733321300097	1.3889511769606466
125	1.270289607637749	1.4021627849963283
126	1.2812687639567342	1.427906346489388
127	1.281060664838403	1.4283620108264554
128	1.2726097680602821	1.4166969538114527
129	1.2594351616164345	1.3904263982051133
130	1.2445234408670451	1.3644526751687673
131	1.233605548331908	1.3403154925181862
132	1.2240801106134118	1.3261896252618879
133	1.2159741941426954	1.31373518241463
134	1.2119477855546121	1.3099894675980688
135	1.211011525404035	1.3078287775767883
136	1.215044312558629	1.3101022606765511
137	1.2111585622634045	1.3092114687451877
138	1.2035889475157988	1.297482612016917
139	1.193638707489511	1.2763759183014982
140	1.1848307126039135	1.2646864850118102
141	1.1803978632422654	1.2523019063727283
142	1.1765248466559366	1.2505066181977675
143	1.1739419724937088	1.2459096896612072
144	1.1708744471774284	1.2448101532276448
145	1.1675028097794606	1.2405258581890926
146	1.1653203699649342	1.240247678705109
147	1.1636549526083124	1.2361677388293264
148	1.160594221354073	1.2301493574670905
149	1.154942195860536	1.22257388936506
150	1.1491104484664474	1.2128078895843577
151	1.143792556108047	1.2037598445330444
152	1.1387479653368813	1.1948513007443509
153	1.135706726171521	1.1889153157055352
154	1.133921413059445	1.1870795490140305
155	1.1346295297605513	1.1876734945548013
156	1.1337542100790174	1.1875464069167356
157	1.1326212473522026	1.1847406618441025
158	1.1297093207743096	1.1807051022924504
159	1.1245047041674703	1.174843517273764
160	1.1199061720623207	1.168262155228075
161	1.1179055769603203	1.1616802488149283
162	1.1172029657214713	1.1634514063223786
163	1.1187515392804483	1.1641683312342954
164	1.1197577630089492	1.164333070316899
165	1.1173060363971117	1.1636816166291861
166	1.11278550940892	1.1564242074904887
167	1.1059153255844736	1.146744346408455
168	1.099881426970338	1.1383021673278753
169	1.0939503505272719	1.1308107645842724
170	1.0905817822524744	1.1236323100901668
171	1.0860329239479207	1.1166839655266114
172	1.0809630198837314	1.111524463173578
173	1.0769613008951209	1.1056604102449445
174	1.0751691862562733	1.101859455065012
175	1.0727746937531448	1.097958580716451
176	1.0711200828568008	1.0964313731821405
177	1.069253453497021	1.0947381125003015
178	1.0672060020575092	1.0954476494664132
179	1.0668519409325141	1.093993344170965
180	1.0664808068494425	1.0956508633867406
181	1.0677190285360203	1.097469186976287
182	1.069594670602493	1.1018494862995687
183	1.0712751331186066	1.1035895708946892
184	1.0739547213822591	1.107688184460497
185	1.0779775860466232	1.1121407848168878
186	1.0815903596037848	1.1170577538228068
187	1.084835715604906	1.1218175342408736
188	1.0886982091436688	1.124313176481568
189	1.0915983259448072	1.1294212474662915
190	1.0947539358953369	1.1335495444935284
191	1.097513284203043	1.1388292849453556
192	1.1008593553228536	1.1443348022287643
193	1.1028528508113862	1.1501242848887048
194	1.1063931886740461	1.155465202759782
195	1.1100118254816198	1.157577392567617
196	1.1130574497132832	1.163957763341451
197	1.1159418047132603	1.169502829521574
198	1.1188697844280684	1.1730776773823686
199	1.1222435790118537	1.175531063104075
200	1.124785925444966	1.1783582101379007
201	1.127175793990238	1.1829878344751839
202	1.130261314866542	1.1869008092953104
203	1.133416230710645	1.1911474027787867
204	1.1360041733584882	1.1946938789401844
205	1.139788739113352	1.1976149509684857
206	1.142036081817006	1.2007892541649203
207	1.144996683693884	1.205222640526696
208	1.1470205103063114	1.2090957148774264
209	1.1494190494525114	1.2132744201721988
210	1.1528490066328934	1.216032323086247
211	1.1552972968934692	1.2194468050638105
212	1.1582927287877691	1.2232756935621703
213	1.1622182973098876	1.2294532588144316
214	1.1645263742458851	1.2341998241527863
215	1.1681368397243017	1.237907112024043
216	1.171672948571605	1.2436659120274622
217	1.1749252448928635	1.2504263465669667
218	1.1790144736484165	1.256894498313173
219	1.182673030577685	1.260442728432505
220	1.1862327839368771	1.265034200604982
221	1.1899282819542565	1.2712615487080159
222	1.1941472308091095	1.276102863282599
223	1.1977424347139773	1.2808103514969524
224	1.2003370837614145	1.2857253431889324
225	1.2062375955444609	1.291229507720762
226	1.2106939566388666	1.2966716328840284
227	1.217164135309219	1.302711090944797
228	1.220085020951113	1.3059145043273095
229	1.225679978152894	1.3108813616009192
230	1.226798435419961	1.312732350768982
231	1.230913926042774	1.3211754474565391
232	1.2336950634002417	1.3338086625660523
233	1.2328136137491876	1.331295614419487
234	1.2384434999240241	1.3418805730798018
235	1.2538505283464367	1.360380979734965
236	1.2689894895815481	1.384758975370384
237	1.2730653328598807	1.3985890353109658
238	1.27955360348857	1.4032529925034722
239	1.2803723684375223	1.400938093362511
240	1.2887406995576864	1.4210282771849625
241	1.2953103648896516	1.4158287118479929
242	1.2970005590946443	1.420191613672383
243	1.3149497726629347	1.4567990253817682
244	1.3222042560873986	1.4620571130068412
245	1.3407871748463618	1.4900501181155448
246	1.3511751242975352	1.5084405453598648
247	1.354251703073027	1.5145508931063176
248	1.358139275489385	1.5184629138951897
249	1.3611583311319064	1.522438927450058
250	1.3623376710233857	1.519297800664574
251	1.3621597687543094	1.5279231956993413
252	1.367294054128677	1.5464913352630547
253	1.3943709186232196	1.5741220912243739
254	1.3915333111606065	1.5727276093642026
255	1.3954977592385462	1.5751786053305548
256	1.3992193181410033	1.586511175734558
257	1.4044019985167842	1.602130111395302
258	1.4038549872201018	1.5877123344588768
259	1.4148617084690243	1.5959268999816898
260	1.4015037443122176	1.5938124703651855
261	1.4004420385488905	1.5948082400182357
262	1.4360910037591899	1.6420101740202655
263	1.490389778250596	1.739304730494088
264	1.4863586415086505	1.7424289429659967
265	1.4439106279734677	1.674989566931688
266	1.5106041345723282	1.784726599386684
267	1.5595159581950184	1.881740611692908
268	1.5421140317117077	1.8549384515929317
269	1.503561862033018	1.7950369914940028
270	1.5756461995700453	1.890247790820863
271	1.5854267356297738	1.9271534746976042
272	1.5938486122206545	1.923110912832305
273	1.5964703704679994	1.9268387296223302
274	1.6201625900423657	1.9610095998401953
275	1.6221523994174825	1.96296133184722
276	1.6332186480149236	1.9868489355645162
277	1.632168435645251	1.9910777118060041
278	1.6213408760603099	1.9622064957781313
279	1.6030049048292891	1.949071481599002
280	1.6093597217509994	1.9465593140357063
281	1.604570962016114	1.946115269209841
282	1.6081619460592063	1.9462045562308345
283	1.6143818070562386	1.9649816013326828
284	1.6105818392875404	1.9585188900321093
285	1.6263406508739817	1.9676701753778212
286	1.6231729939672372	1.992836523086418
287	1.6490481535552095	2.0400543420356025
288	1.6486291406337787	2.0458967517523385
289	1.6495767823072505	2.0179128079205024
290	1.6543056895262713	2.037223626521767
291	1.6597367504156584	2.058306429688002
292	1.6653387529759962	2.0512891300131617
293	1.6602716501377142	2.038639891085721
294	1.670896905167783	2.054870061405743
295	1.6809855936251092	2.056589139717587
296	1.6943655648896458	2.092181025875117
297	1.6915426096125157	2.071933501794525
298	1.6974653092409515	2.1358418899932436
299	1.7061664692758185	2.1365588004737797
300	1.7221246092867202	2.1641456581992107
301	1.7444907260860596	2.167854630898825
302	1.7399973896635026	2.150859482575325
303	1.73883309211862	2.1832993353156387
304	1.7644640754008991	2.2374695232185284
305	1.7753830486076796	2.261048770454365
306	1.7801683506603947	2.2895187549620313
307	1.7851522425545732	2.295191427701377
308	1.8022717942830866	2.358380068535507
309	1.820016812119359	2.379658458967753
310	1.8318358131372046	2.417270661307358
311	1.8294056807861574	2.3966439299090037
312	1.8436223449902205	2.4370544737154862
313	1.8534411899918202	2.4664014931048177
314	1.879825531454635	2.5116358219181265
315	1.886940883586587	2.505284918777262
316	1.8803043628418108	2.4938125976935694
317	1.8984013015257801	2.537659059087619
318	1.914719900257854	2.6024962516451153
319	1.9138773641120355	2.556303986314489
320	1.915190865815979	2.5835632716030648
321	1.9448945163543692	2.616715887684114
322	1.9600154271185934	2.6700409895099058
323	1.9609451113219627	2.683654054346981
324	1.9670273358513402	2.6993270972007872
325	1.9817119002171164	2.7133545003884545
326	2.0011863166476083	2.776622857323217
327	2.0046455447875355	2.816563289334451
328	1.9936592135147566	2.793511267889382
329	2.013433964969473	2.827963803662871
330	2.0293863001243326	2.886634628052062
331	2.0346217276421905	2.907878883699665
332	2.0395005995915416	2.9081595243364604
333	2.0467902509731024	2.978292691969602
334	2.0554914093842167	2.9804699991876924
335	2.0652899539861846	2.9965143376249626
336	2.0792873721152647	3.038934626699671
337	2.0874514981888987	3.08175082248241
338	2.0937186786983952	3.060425631720122
339	2.0883297920393606	3.0666621817450483
340	2.1017841336809115	3.099265663359744
341	2.111304184805089	3.150326052684483
342	2.121370303244659	3.1264372365045427
343	2.11739221000844	3.1659865979736175
344	2.1255566898398546	3.195499517313825
345	2.1478844869374814	3.231240110596879
346	2.1620602143888945	3.2544596932978465
347	2.1690873456666497	3.2977748390664012
348	2.192991592865993	3.3353548883712487
349	2.2033979750362422	3.3772220922187044
350	2.1998884000050203	3.380279614407089
351	2.1983798719583976	3.375168308658524
352	2.2068662289614447	3.405446757059839
353	2.2342030707200498	3.490655539714675
354	2.231250226441061	3.494794118649914
355	2.2382968876794203	3.454026535019033
356	2.241664429053919	3.545510986081434
357	2.258831982940031	3.5994561520515145
358	2.257167685788437	3.5526477920872153
359	2.25847264090622	3.58175089962578
360	2.263789069714295	3.6490292246672977
361	2.2705684639857875	3.655953030577293
362	2.2689201711073625	3.605340331793018
363	2.277725875399768	3.6312973487948543
364	2.2875999155276485	3.6779578865893114
365	2.3016287115578966	3.6946227440611845
366	2.291849756027987	3.683510521754937
367	2.2877459201376396	3.735103652867863
368	2.306132139943587	3.7682819164001256
369	2.319768878352119	3.7909779788120526
370	2.3178475162501906	3.7781139472639684
371	2.323005439466407	3.8325973325964098
372	2.3362345634561605	3.7981461180135754
373	2.3443521584519793	3.8463373915606267
374	2.344561093316051	3.9098973069160405
375	2.359203153853441	3.9012504554163603
376	2.364662405456591	3.9211537614658485
377	2.3694166911990626	3.922791034789244
378	2.381346200923868	3.9433502402152945
379	2.3789139251127374	3.965517488844586
380	2.383855729141092	3.9009790838854848
381	2.396987464362353	3.915574828448455
382	2.4058413942958023	3.9407646960473284
383	2.403832911053415	3.963040641847959
384	2.3972004417799697	3.9401091128167214
385	2.4112585345532467	3.987139737115038
386	2.4400656905028426	4.028183692700362
387	2.444304616809514	4.028337937037918
388	2.447015659574867	4.020668685172313
389	2.4666938479069374	4.1281109013180535
390	2.4763149322827487	4.214860723060823
391	2.4868611409369983	4.1841060393108265
392	2.4791771321751743	4.2166828441101405
393	2.5000197249518794	4.246252923124184
394	2.50333012452759	4.293764597967667
395	2.5165227977569877	4.259588208649959
396	2.5266645262827176	4.252294754424217
397	2.525211183312485	4.264092311793526
398	2.5477135579448897	4.305536468927492
399	2.5496708317200745	4.318446568143819
400	2.5498391601615786	4.316756464439953
401	2.5555953050849984	4.3088244460175
402	2.5783975086522144	4.3758104903720625
403	2.5850561973454296	4.4148179668570915
404	2.59671104129968	4.3925855860689005
405	2.6022012520172666	4.42735990073258
406	2.6163458184354225	4.490713130889918
407	2.6284881555550696	4.53679384565841
408	2.6239433769641756	4.5353307096680835
409	2.643605052715756	4.5728716886514365
410	2.6640812821932576	4.644180449236426
411	2.686117262218277	4.681992105398865
412	2.6797718831864734	4.700102159136454
413	2.6980523181925467	4.720906908803393
414	2.6907976997000214	4.692697341996202
415	2.7084976867826023	4.737306443465196
416	2.7181669975711236	4.746061624726441
417	2.711777306943936	4.783786666213236
418	2.7238397655941777	4.8857843066774604
419	2.7329762456053857	4.957523380150014
420	2.7335312493262816	4.984774146702685
421	2.740761524304602	4.972104508797281
422	2.7195360221744185	5.004583915745803
423	2.7326859368686653	5.027097714619527
424	2.745659114559079	5.090904571354623
425	2.739810119390963	5.099960833267195
426	2.7576509077961706	5.071708523247289
427	2.7770580258360567	5.144041487661069
428	2.776624691818887	5.169004690243648
429	2.789369596342102	5.264068830754948
430	2.8079446194181084	5.372143345754292
431	2.816160438198054	5.386918167146359
432	2.826022376767575	5.390071536375281
433	2.848420086924533	5.444826425409501
434	2.85570254008638	5.435981497484372
435	2.8685843711012233	5.385996154600994
436	2.865784891872006	5.32669404922149
437	2.875972800710657	5.350455309392394
438	2.891236664451922	5.425621101431019
439	2.8771918930112466	5.410066076756957
440	2.8973061861759417	5.359736249091677
441	2.9089536395732476	5.369198940891544
442	2.902833533289027	5.295816210004156
443	2.8922361054706416	5.164182924672264
444	2.9337121405057642	5.281954314361204
445	2.9339164360304193	5.279499830278886
446	2.9354135604628824	5.430578191352165
447	2.9379309276545373	5.3901161169374685
448	2.928625138819193	5.374367415246287
449	2.9217797460528616	5.212763403243801
450	2.9200316467941008	5.113489074287974
