fragment_length	cancer	healthy	enrichment	threshold_95	threshold_99	sig_95	sig_99
50	5.921362813373178e-6	1.6628481486887993e-6	3.53968937229265	4.240687264570063	5.066155237710747	FALSE	FALSE
51	5.786933300364764e-6	1.8434727910771542e-6	3.12221108840862	3.833257264552455	4.540267935757679	FALSE	FALSE
52	5.717718085394937e-6	1.904724223187137e-6	2.9861836060534928	3.6609041534721944	4.305460755120324	FALSE	FALSE
53	5.909647381573546e-6	1.936095519816851e-6	3.0366687150740215	3.6508033320563316	4.3424358842208095	FALSE	FALSE
54	6.191125908403633e-6	2.2251502160260273e-6	2.7698925396661305	3.398041909443878	4.031727586785048	FALSE	FALSE
55	7.347505402012317e-6	2.4581801734441006e-6	2.9768918335323966	3.4471571734244115	4.073509993234856	FALSE	FALSE
56	8.256262378797663e-6	2.7886538112164876e-6	2.950083481461011	3.4475471838096183	4.059381460893658	FALSE	FALSE
57	9.749448833621251e-6	3.092894030527785e-6	3.142050207870916	3.5496082810306935	4.24488817435621	FALSE	FALSE
58	1.2326814559289198e-5	3.5965623978590908e-6	3.417884733286905	3.757831096562955	4.44525147434095	FALSE	FALSE
59	1.4968884631110337e-5	4.309609027853312e-6	3.465333212934164	3.8302552590284273	4.525353438208923	FALSE	FALSE
60	1.7132680359298052e-5	4.510632765754107e-6	3.789885453444939	3.9191944904231906	4.720201841156851	FALSE	FALSE
61	1.786922944404083e-5	5.121280542673959e-6	3.4824113192472237	3.6747418495031963	4.394818933623143	FALSE	FALSE
62	1.722255454423017e-5	5.364701485793571e-6	3.204374157290946	3.4273347675549073	4.106800956682333	FALSE	FALSE
63	1.7941647309977853e-5	5.215325810199566e-6	3.433593992351	3.329676201687464	3.993804750922187	TRUE	FALSE
64	1.886280727909714e-5	5.581357830441389e-6	3.373564678046743	3.257700172983841	3.9020221379250875	TRUE	FALSE
65	2.088588828604106e-5	6.278749137798909e-6	3.321151444967833	3.144043287806852	3.8078429109106806	TRUE	FALSE
66	2.3151961827637486e-5	7.036066011898716e-6	3.285799733999183	3.0595885742167637	3.7503431917044643	TRUE	FALSE
67	2.569853093179604e-5	8.102878066943695e-6	3.167621985655857	2.9897542487685485	3.6419776905401915	TRUE	FALSE
68	3.0682176367886856e-5	9.26695322313281e-6	3.3073548642434076	3.096527992575638	3.788644266136076	TRUE	FALSE
69	3.9100857592469303e-5	1.190594226808635e-5	3.2813903183460735	3.039855298987949	3.7671023866118603	TRUE	FALSE
70	4.512124807282101e-5	1.3900966896162357e-5	3.2435738226987434	3.0208949990448644	3.722298332938532	TRUE	FALSE
71	4.261264473661427e-5	1.3491401300932338e-5	3.1561645926094837	2.9325964976732406	3.6110195749979583	TRUE	FALSE
72	4.077257457591568e-5	1.2868474845460215e-5	3.165947448372615	2.8528524700977504	3.5849861913008376	TRUE	FALSE
73	4.2023920340688724e-5	1.3412305589067587e-5	3.130901771072552	2.749216373424042	3.4502062797260096	TRUE	FALSE
74	4.464706308880643e-5	1.4593709755255669e-5	3.0572411967266455	2.6632418485359706	3.3038839130979616	TRUE	FALSE
75	4.852846264855132e-5	1.580130444210955e-5	3.069225744544365	2.6371412744893608	3.272538377498961	TRUE	FALSE
76	5.302941576667554e-5	1.7694475984519567e-5	2.9952547487450842	2.5572134914255202	3.161184869410643	TRUE	FALSE
77	6.241665543511832e-5	2.1306046242041255e-5	2.9281535011879956	2.3959265216663264	2.8843685978551923	TRUE	TRUE
78	7.96934789832013e-5	2.7537278544191805e-5	2.8929710372425967	2.3325876526083	2.8174300185353682	TRUE	TRUE
79	1.0841317426488263e-4	3.7664421300986906e-5	2.8776334319445187	2.331611370821105	2.8326515223544826	TRUE	TRUE
80	1.3642470049916896e-4	5.452117001977091e-5	2.5017746813374186	2.1939126618769875	2.599883755629891	TRUE	FALSE
81	1.4165179214899653e-4	6.720959034782538e-5	2.107299247377504	2.0292831713033643	2.368136876368312	TRUE	FALSE
82	1.1826293347294503e-4	5.881033078755541e-5	2.010579197524096	1.9675545457020167	2.278664269963808	TRUE	FALSE
83	9.754757575771411e-5	5.463324574538035e-5	1.7851716973814824	1.8108506560221156	2.092864066769895	FALSE	FALSE
84	9.493984190420676e-5	5.985875402395409e-5	1.5857995285190063	1.687276307095381	1.940507435072767	FALSE	FALSE
85	1.0022779206983613e-4	6.407466991605997e-5	1.5639901430578875	1.658834824503524	1.8995537039575205	FALSE	FALSE
86	1.0990783954012074e-4	7.23662172145682e-5	1.5185629170737873	1.6149497389352268	1.8460665235482854	FALSE	FALSE
87	1.200845743713519e-4	8.115530969956861e-5	1.4795061438913002	1.5715127084107905	1.775307143457312	FALSE	FALSE
88	1.3554727836445504e-4	9.455360626306781e-5	1.4333979394501326	1.5555138067972472	1.7452876958580952	FALSE	FALSE
89	1.7285060794618574e-4	1.2517961855848783e-4	1.3807103970480668	1.5410047416986292	1.7178624243115836	FALSE	FALSE
90	2.367020504361382e-4	1.7182887270022877e-4	1.3774651027248217	1.5260470559853414	1.6869132966378995	FALSE	FALSE
91	2.983668843227148e-4	2.080367463659528e-4	1.4341338643089834	1.5255156124962739	1.6925292325958015	FALSE	FALSE
92	3.0111559105139795e-4	2.1169516994533694e-4	1.4223346134114114	1.5085222651184949	1.6727033092968688	FALSE	FALSE
93	2.4964361848223024e-4	1.746621215964283e-4	1.4292127226748872	1.4909588090320287	1.6490558672433966	FALSE	FALSE
94	2.1910495352195936e-4	1.4273672121941443e-4	1.5349210941607234	1.4699652631066102	1.6287809819506132	TRUE	FALSE
95	2.1573424100525496e-4	1.324777838848496e-4	1.6283330785633654	1.4611277686841446	1.6212074379443917	TRUE	TRUE
96	2.265258466865576e-4	1.35910689963677e-4	1.666603125301186	1.4496152730421445	1.600367663963953	TRUE	TRUE
97	2.496884517919857e-4	1.5127074208074858e-4	1.6504972698951357	1.4357511448659201	1.5823436908120347	TRUE	TRUE
98	2.912392370611781e-4	1.7995856576526613e-4	1.6182783689071727	1.4277794729420907	1.5734332719929154	TRUE	TRUE
99	3.516041231666551e-4	2.265214239230431e-4	1.5521207480958645	1.4152404444845126	1.5492715274465694	TRUE	TRUE
100	4.106968470910573e-4	2.7369010150313895e-4	1.5005359692435014	1.3940061943324107	1.517282226434236	TRUE	FALSE
101	4.4687619805397515e-4	3.0269244053913915e-4	1.4762887185780535	1.3866248148802593	1.5102169504140588	TRUE	FALSE
102	4.6037569654212905e-4	3.0667372651325134e-4	1.5011415890116913	1.3800798322452739	1.5002510279590304	TRUE	TRUE
103	4.612073254130295e-4	2.962570797909656e-4	1.5567282255539134	1.377784630208627	1.4888231341605864	TRUE	TRUE
104	4.365852833274562e-4	2.7751800901974684e-4	1.5731215197684498	1.3766388418718432	1.4906484367774653	TRUE	TRUE
105	4.1904739455996714e-4	2.6188422347369613e-4	1.6000635256548719	1.3760142533709798	1.4898959758331525	TRUE	TRUE
106	4.310243553367781e-4	2.6816977106101887e-4	1.607221729034541	1.3717669630312572	1.4839063366007927	TRUE	TRUE
107	4.608210457906567e-4	2.894839321842428e-4	1.5918159054794145	1.3624405318671475	1.471186311705067	TRUE	TRUE
108	5.054256691544405e-4	3.2656993814117333e-4	1.547632325583809	1.3482972035789955	1.4517792219595638	TRUE	TRUE
109	5.826724199517439e-4	3.9293469111184766e-4	1.4828357097866787	1.3329979442670916	1.431121573100163	TRUE	TRUE
110	6.898196845112548e-4	4.950125802415235e-4	1.393511552896615	1.3078694212462676	1.4027623452349225	TRUE	FALSE
111	7.819826005097752e-4	5.877724773684118e-4	1.330394543251486	1.2887129225091205	1.3834771868101927	TRUE	FALSE
112	7.831564124085348e-4	5.958643435750529e-4	1.3142979234679748	1.2811082057071215	1.3773696333986345	TRUE	FALSE
113	7.038044708345076e-4	5.204341633051494e-4	1.3523150425300272	1.2868311019961054	1.3816365111380962	TRUE	FALSE
114	6.410777659606704e-4	4.5735082923009646e-4	1.4016892680552375	1.2993458031373688	1.3928243728725012	TRUE	TRUE
115	6.419766605566671e-4	4.5484626414733943e-4	1.4113835757766209	1.302246301112391	1.3928307629765195	TRUE	TRUE
116	6.76599167965921e-4	4.8101187862445704e-4	1.406587097245435	1.2982102754147957	1.3852003256017276	TRUE	TRUE
117	7.265615235311505e-4	5.218780181411877e-4	1.3921789699616975	1.2889932172818703	1.3767447105915207	TRUE	TRUE
118	7.991184140751352e-4	5.82249946769377e-4	1.3724427010804712	1.2784546805242671	1.3626638097329615	TRUE	TRUE
119	9.244411615539186e-4	6.979231571590636e-4	1.3245411141044734	1.260859588738166	1.3432367782411454	TRUE	FALSE
120	0.0011549011418920294	9.102244983107488e-4	1.2687951775452844	1.2422899730742698	1.3187849854944977	TRUE	FALSE
121	0.0014815613338702647	0.00121245559518245	1.2219409274432416	1.2253355106415795	1.2985026756314835	FALSE	FALSE
122	0.0017313374718608504	0.0014496350221427194	1.1943182264729622	1.2147302046115243	1.2856514449814285	FALSE	FALSE
123	0.0016824710766253205	0.0014087560795037605	1.1942870438916111	1.214461833847465	1.2848650470074319	FALSE	FALSE
124	0.001383223367074318	0.0011125271569817606	1.2433053209898277	1.22963464060021	1.3046166065470988	TRUE	FALSE
125	0.0011629694482640906	8.777679497826441e-4	1.324901643464689	1.263988761231586	1.3511880310445743	TRUE	FALSE
126	0.001134509742734999	8.185999072377995e-4	1.3858978894637701	1.2983895592351777	1.3905325654646903	TRUE	FALSE
127	0.0012172448756286743	8.727280105682252e-4	1.3947425927239565	1.3031268391766677	1.394387785305065	TRUE	TRUE
128	0.0013320111557081596	9.658279518493847e-4	1.3791248864860064	1.2899253007716593	1.379386180958632	TRUE	FALSE
129	0.0014924384756907429	0.0011117056161461217	1.3424642543606942	1.26481486470526	1.3515030128320755	TRUE	FALSE
130	0.0017733935697592951	0.0013701437504671948	1.2943026059335339	1.239284728728046	1.3182264652070768	TRUE	FALSE
131	0.0022339225373163942	0.0017822487273519419	1.253422133965661	1.2164113496127424	1.2873009842304945	TRUE	FALSE
132	0.0029065591988826794	0.002395831534713337	1.2131683822863726	1.1969517721051006	1.2597708070219584	TRUE	FALSE
133	0.0035566368236537977	0.003013624753115322	1.1801817788227824	1.184022626819796	1.2405544303740317	FALSE	FALSE
134	0.003686054396766579	0.003159609023898369	1.16661355970021	1.176598349614025	1.2325822860018303	FALSE	FALSE
135	0.003303292544615528	0.002787619432005217	1.1849826618595358	1.1840544420463088	1.2409878335560263	TRUE	FALSE
136	0.002983673402520645	0.002422011467958891	1.2318938712938305	1.200020623542875	1.265290129924305	TRUE	FALSE
137	0.0031186759962564745	0.002467391729954595	1.263951450789436	1.208401227750421	1.2737589082729552	TRUE	FALSE
138	0.0036640876832433255	0.0029017342815792838	1.262719015767004	1.2002269961197032	1.2646140064212372	TRUE	FALSE
139	0.0045244714107957554	0.0036560899145222396	1.2375130648985533	1.1833393218400863	1.2412045982756044	TRUE	FALSE
140	0.0055515517944688415	0.004622147958591447	1.2010735773644174	1.1655193615153492	1.215111547514706	TRUE	FALSE
141	0.006370009881164725	0.0054268032526123295	1.1738030377401258	1.1530305447168092	1.1989353570124213	TRUE	FALSE
142	0.006721686701622725	0.0057705152795588565	1.164830994750721	1.1487226849072127	1.1953570812003416	TRUE	FALSE
143	0.0068072103935095255	0.005812411486274469	1.1711487904970699	1.149916725995427	1.197296397875008	TRUE	FALSE
144	0.006969269332327539	0.005929538548772707	1.175345690317357	1.1509354252005894	1.1999654178711208	TRUE	FALSE
145	0.007152421760650765	0.006079840055647481	1.1764141706105053	1.1504803064488296	1.1984409034230206	TRUE	FALSE
146	0.0072039998617132615	0.006071388555928056	1.1865470196614494	1.1516164974484349	1.1996746854755396	TRUE	FALSE
147	0.007362493578255262	0.006140341633983918	1.1990345206791369	1.1545330607525432	1.2025203262714539	TRUE	FALSE
148	0.007759278928441806	0.006443176669942323	1.204261078549702	1.1537618115334882	1.20114328560612	TRUE	TRUE
149	0.008325935702803898	0.00695600565172572	1.1969403347645307	1.1470515053967634	1.1927218965424708	TRUE	TRUE
150	0.008999415118367432	0.0076293984137616585	1.1795691920404476	1.1377253208673672	1.1796711030329483	TRUE	FALSE
151	0.009812736744662312	0.008486088889380685	1.1563307089128732	1.1259386971505507	1.1648454214667787	TRUE	FALSE
152	0.010537869525982633	0.009282309407863254	1.1352625419306057	1.1156082178461655	1.1529664511718336	TRUE	FALSE
153	0.010627456728151127	0.009450736612490894	1.1245097518650002	1.1119468676528472	1.147193545636007	TRUE	FALSE
154	0.01034088792149579	0.009203059237434329	1.1236346978063882	1.1134978252631595	1.1480312365011847	TRUE	FALSE
155	0.010409752529068826	0.009239899019160395	1.1266076870976303	1.1162688664647449	1.1494941699685117	TRUE	FALSE
156	0.011060914464970893	0.009834515317729931	1.1247024241251378	1.1152733972391573	1.1497045578980543	TRUE	FALSE
157	0.012227547680930937	0.010918228250386927	1.1199194778972341	1.1124256472526317	1.1454648988559601	TRUE	FALSE
158	0.013736967067127471	0.012295160814304682	1.1172652478439216	1.1089210040247481	1.1389942771551018	TRUE	FALSE
159	0.015359985216136548	0.013802164978527568	1.1128670111799415	1.1033748938653527	1.1321481341497777	TRUE	FALSE
160	0.016697938218750544	0.0150864481921527	1.1068163253477257	1.0991512270685393	1.127647311874086	TRUE	FALSE
161	0.017664199865164085	0.015996486222977682	1.104254307877176	1.0967710034610578	1.1255753073166723	TRUE	FALSE
162	0.01871012670522253	0.01693563915860424	1.1047776515680094	1.0975992929227658	1.125117060984454	TRUE	FALSE
163	0.020565226771013877	0.018548797381866242	1.1087088429803273	1.0993536028506439	1.1280663499348726	TRUE	FALSE
164	0.023370327626913216	0.021027383280156776	1.1114229574508139	1.1003375210070812	1.127896825338238	TRUE	FALSE
165	0.02596460095180685	0.023465170301747888	1.1065161493718751	1.0983371422301598	1.1238582581726708	TRUE	FALSE
166	0.027179535123624886	0.02478532299376137	1.0965975373607508	1.0919816739646186	1.1158436952186408	TRUE	FALSE
167	0.027336324792700675	0.025169761388390357	1.0860775956554634	1.0836987025549736	1.1062582416253093	TRUE	FALSE
168	0.026939773433234886	0.025021645992675746	1.0766582931649529	1.076427005873964	1.0990345660452059	TRUE	FALSE
169	0.026130778079992114	0.02447438771105231	1.0676780850133771	1.0704058166809167	1.0921529036833404	FALSE	FALSE
170	0.024916075367743838	0.023529742938397023	1.0589178489453897	1.0652455042019795	1.086391148207646	FALSE	FALSE
171	0.023576267264331385	0.0224692247249021	1.0492688136904986	1.0604094783059568	1.0816546976550996	FALSE	FALSE
172	0.02252130052534715	0.02166801442424433	1.0393795061513815	1.055728370089537	1.0754691596765868	FALSE	FALSE
173	0.022021131194322918	0.021371441815373357	1.030399403117865	1.0514291905699953	1.0702204268905346	FALSE	FALSE
174	0.02186109623362788	0.021395312938033165	1.02176986516837	1.047163166495411	1.064539920868233	FALSE	FALSE
175	0.021721225889136997	0.021449172734659166	1.012683147784379	1.0443460030039697	1.0604890330158951	FALSE	FALSE
176	0.021286035813716485	0.021220333971075877	1.0030957011220056	1.0412392256564773	1.0580143911042714	FALSE	FALSE
177	0.02036845581586522	0.020523759149583605	0.9924325140968788	1.0399293921138921	1.0556075947414842	FALSE	FALSE
178	0.01903409177770103	0.019400421041828354	0.981116952332787	1.0376829227674418	1.0545743938092762	FALSE	FALSE
179	0.01753920512961154	0.018089906320745235	0.9695570072647517	1.0360144342607451	1.0532677344915564	FALSE	FALSE
180	0.01604676700132611	0.01674985418199391	0.9580237085490143	1.034996493821386	1.0523309919999633	FALSE	FALSE
181	0.014678790695294442	0.015502333376201764	0.9468756006158663	1.0342253719482095	1.0522727738827535	FALSE	FALSE
182	0.013492500977270606	0.014405532948518813	0.9366187047228174	1.033517879317842	1.0524159129253894	FALSE	FALSE
183	0.012538713944029	0.013511599754455953	0.9279955661755177	1.033839134375827	1.053956469973596	FALSE	FALSE
184	0.011818443551004662	0.012852675568659936	0.9195310573708287	1.0337375939459292	1.054969568683037	FALSE	FALSE
185	0.011303447227909312	0.012386740343458191	0.9125433963298532	1.0342568054092962	1.0570972696169771	FALSE	FALSE
186	0.010866404700875616	0.011995912877719894	0.9058414939510707	1.0355263119719018	1.0593936789526632	FALSE	FALSE
187	0.010428064826268488	0.011619178793651078	0.8974864778827383	1.036313666948386	1.0605686344905312	FALSE	FALSE
188	0.009924936902065837	0.011164175410194295	0.8889978567538954	1.0372683429333398	1.062727846063616	FALSE	FALSE
189	0.00930826939395761	0.010577900649270992	0.8799723974411825	1.0371468353335247	1.063167104774671	FALSE	FALSE
190	0.008602196189583943	0.00988798165549372	0.8699639410399992	1.0370881948958417	1.0640016072413445	FALSE	FALSE
191	0.007879960954864835	0.009164823328563164	0.8598040654275851	1.037406253404611	1.0648454225196635	FALSE	FALSE
192	0.007201467029069332	0.008456415043076536	0.8515970983465802	1.037262673982561	1.0659491016656626	FALSE	FALSE
193	0.006604408957944233	0.007831865105732177	0.8432730181193061	1.037476826435323	1.0668054895833938	FALSE	FALSE
194	0.006120653717768917	0.007315850173324305	0.836628034538789	1.0381180688810212	1.0670875719992292	FALSE	FALSE
195	0.00574225907301885	0.006898472155825249	0.8323945678644605	1.0386177186723806	1.0671800358960157	FALSE	FALSE
196	0.00545263807794003	0.006578845069081441	0.8288126156731621	1.040268461041233	1.0681283575715341	FALSE	FALSE
197	0.005220991429095642	0.0063336446351696715	0.824325248191525	1.0407764120305425	1.0688372838910907	FALSE	FALSE
198	0.004996273292041946	0.00609891972058196	0.8192049295438023	1.0415039501222705	1.0711637066411501	FALSE	FALSE
199	0.004765183878340443	0.005847723569275398	0.8148770496961791	1.041334951793745	1.0732663152863986	FALSE	FALSE
200	0.004499800334968279	0.00556558113329399	0.808503576205943	1.0409242164932515	1.07405146381907	FALSE	FALSE
201	0.004197122086386358	0.005237538954018502	0.8013523354595325	1.0405444208066466	1.073773295516541	FALSE	FALSE
202	0.003877668086230755	0.004876746169196753	0.7951326561543968	1.0403288851423744	1.0747510423706925	FALSE	FALSE
203	0.0035749966245342307	0.004525981641307093	0.7898814023222064	1.0397274943691883	1.074680401602706	FALSE	FALSE
204	0.003305472514850973	0.004206521771937078	0.7857952094651186	1.0394684703005268	1.074814210911617	FALSE	FALSE
205	0.003077666460888749	0.003930215071462969	0.7830763900101866	1.0395658138319566	1.0762180210656458	FALSE	FALSE
206	0.0028925419357729624	0.00369856988678729	0.7820682597951185	1.0407545851284516	1.0783187385390363	FALSE	FALSE
207	0.002734604136444755	0.0035081099030940194	0.7795070328220381	1.0410028538717584	1.0790744390847096	FALSE	FALSE
208	0.0025962665027386696	0.0033378517663304806	0.7778232546738768	1.0419718280657484	1.0805990490336357	FALSE	FALSE
209	0.002470011607155177	0.003183839322023035	0.7757941275894672	1.0438494059601107	1.0832491336748795	FALSE	FALSE
210	0.002337705188826001	0.0030263104778866117	0.7724579091697865	1.0439673030683578	1.083255407691013	FALSE	FALSE
211	0.0021918148090697433	0.0028470610445942308	0.7698490043763991	1.044470296356871	1.0851458666585905	FALSE	FALSE
212	0.002035848988553857	0.002660689299039152	0.7651556075085432	1.0446002019075478	1.085800675612545	FALSE	FALSE
213	0.001879612675152369	0.0024685075700669116	0.7614337843669552	1.0450770448033584	1.0864764943498655	FALSE	FALSE
214	0.0017325279438511715	0.0022819755605084507	0.7592195033281217	1.0458283485140383	1.0884988882475275	FALSE	FALSE
215	0.0016056448376602572	0.002120966581968006	0.7570309126989114	1.0460578268000862	1.0893060385616629	FALSE	FALSE
216	0.0014948747558495609	0.001979662619326698	0.7551121035143575	1.0471910866277612	1.090923004854473	FALSE	FALSE
217	0.0014016525609583986	0.001856619151357163	0.7549448202587014	1.049071618211255	1.0929372664355335	FALSE	FALSE
218	0.0013230815105686948	0.0017569560277121289	0.7530490002083727	1.0500989478846936	1.0957627323695853	FALSE	FALSE
219	0.0012542317568949195	0.0016676268196631565	0.7521012621610621	1.0512413551167032	1.0980790521045716	FALSE	FALSE
220	0.0011868587122510234	0.00157794522168273	0.7521498049769488	1.0530142091116468	1.0999914872417953	FALSE	FALSE
221	0.0011175044029540005	0.0014877580226989335	0.7511281234064674	1.0550746454130355	1.1033149196398016	FALSE	FALSE
222	0.0010424161894821266	0.0013947691211831806	0.7473700843742577	1.055688427403462	1.104555882976022	FALSE	FALSE
223	9.68453511045399e-4	0.0012983230179930264	0.7459207288299902	1.0576892696421043	1.1075289897505285	FALSE	FALSE
224	8.994970918971148e-4	0.0012043045181996624	0.7468954980645578	1.0599999787507774	1.1104610486811068	FALSE	FALSE
225	8.336391974439638e-4	0.0011162286650487753	0.7468288131799636	1.0612284657422133	1.1134806582928536	FALSE	FALSE
226	7.77145072008669e-4	0.0010411305656816753	0.7464362619468601	1.0638527130971995	1.1172925507017024	FALSE	FALSE
227	7.293165157965658e-4	9.768681632388683e-4	0.7465787886776949	1.0647456950415306	1.1201390591549871	FALSE	FALSE
228	6.892577083397391e-4	9.232033470543835e-4	0.7465855108560698	1.0660870276444914	1.1220419104036041	FALSE	FALSE
229	6.549491983659229e-4	8.728825005341194e-4	0.7503205697897073	1.0696889129703715	1.1257124388025355	FALSE	FALSE
230	6.259398432150329e-4	8.277395123644206e-4	0.7561947592419238	1.0731776634122716	1.1282587842150076	FALSE	FALSE
231	5.939484424429686e-4	7.840451292404747e-4	0.7575340308255298	1.0768236898354495	1.1333069863643	FALSE	FALSE
232	5.628545551097115e-4	7.38528244777e-4	0.7621197129468416	1.0806185917490407	1.138035459124515	FALSE	FALSE
233	5.37703433595601e-4	6.95254555663127e-4	0.7733796138690718	1.0807905263474946	1.1378593960408354	FALSE	FALSE
234	5.072956693897024e-4	6.543224491272206e-4	0.7752873482988001	1.0846025150896417	1.138444064625245	FALSE	FALSE
235	4.699049739420431e-4	6.122951584408824e-4	0.7674359222100398	1.0943520651649825	1.1517864705718857	FALSE	FALSE
236	4.3543081507643787e-4	5.774420578439865e-4	0.7540553525814616	1.1051000187953344	1.1631881571405351	FALSE	FALSE
237	4.1285906980111195e-4	5.476209956669041e-4	0.753900113521392	1.11252883200246	1.1741618687745528	FALSE	FALSE
238	3.957079972419338e-4	5.233723491674771e-4	0.7560591179113516	1.1153965013318858	1.179056375201099	FALSE	FALSE
239	3.874799842267757e-4	5.043681899283147e-4	0.7682330282398743	1.1173868163925946	1.1778776264322333	FALSE	FALSE
240	3.7350478340521487e-4	4.894229635672417e-4	0.7631377761786168	1.124580527058307	1.1877652239417043	FALSE	FALSE
241	3.6652449150991525e-4	4.727739210087106e-4	0.7752473703587783	1.129399081801128	1.193998041448859	FALSE	FALSE
242	3.5796671130104333e-4	4.5616321792413885e-4	0.7847166322696587	1.1354176630192954	1.1992959133723593	FALSE	FALSE
243	3.394387913151026e-4	4.386147429516347e-4	0.7738705961522354	1.1451335790042017	1.2124245522189514	FALSE	FALSE
244	3.3149135828708685e-4	4.2145551551846586e-4	0.7865207142257006	1.1541434842405391	1.2244871121848337	FALSE	FALSE
245	3.09810215357207e-4	4.0637187560532e-4	0.762362285216913	1.1605342380196142	1.2337686509806767	FALSE	FALSE
246	2.978933938510211e-4	3.934366091719212e-4	0.7571380383172982	1.1691839538450155	1.2509584709592434	FALSE	FALSE
247	2.928861479598264e-4	3.820145760574741e-4	0.76666834103302	1.1750258335381956	1.2543612581348462	FALSE	FALSE
248	2.880957198857293e-4	3.7138219308293296e-4	0.775718297937934	1.1814598625845614	1.2644404407642176	FALSE	FALSE
249	2.858484968393696e-4	3.641597117824541e-4	0.784932100586466	1.1880777272886807	1.269302614992986	FALSE	FALSE
250	2.8325248664693526e-4	3.6312480948842176e-4	0.7800201997874471	1.188450784791173	1.2689509809158426	FALSE	FALSE
251	2.8069189648444285e-4	3.660561871417371e-4	0.7667790862524044	1.1829216450473454	1.2615166803398357	FALSE	FALSE
252	2.8227212698383574e-4	3.562772394477694e-4	0.7922599962360313	1.194688992168806	1.2826526478836633	FALSE	FALSE
253	2.78848537256189e-4	3.430924290238425e-4	0.8127267942973717	1.2153136861572473	1.3043232896997805	FALSE	FALSE
254	2.848938645601076e-4	3.363229264520627e-4	0.8470590957757844	1.2274339603482811	1.318216839103515	FALSE	FALSE
255	2.762278446363719e-4	3.3768770319586187e-4	0.8179737144263668	1.219635641044961	1.3060665402810705	FALSE	FALSE
256	2.7672639116662804e-4	3.360743289811376e-4	0.8233837977674914	1.2214305374073606	1.3088932586101043	FALSE	FALSE
257	2.6936384409926976e-4	3.3232197943532294e-4	0.8105264036189217	1.2235070297853528	1.3095058854409207	FALSE	FALSE
258	2.7344242466097e-4	3.1565602942890705e-4	0.8662396303956854	1.2408171098723884	1.3336352896748114	FALSE	FALSE
259	2.696665788769571e-4	3.131918407471553e-4	0.8609993422569193	1.2421453308513901	1.3349208182927341	FALSE	FALSE
260	2.7493663374388174e-4	3.2779983083850236e-4	0.838707713678456	1.233184263014261	1.3166515841878794	FALSE	FALSE
261	2.761396331471872e-4	3.3798042861231175e-4	0.8170042988522913	1.2202956981973156	1.3167252297410266	FALSE	FALSE
262	2.637652552856502e-4	3.2704719030107586e-4	0.8064805272828229	1.248056623621152	1.3468150613378074	FALSE	FALSE
263	2.56626578418337e-4	3.06405421073769e-4	0.8375119552372483	1.290280820829651	1.4113972601134006	FALSE	FALSE
264	2.6307231094112657e-4	3.127960466048314e-4	0.841007754794032	1.2939401413878426	1.4145201399786755	FALSE	FALSE
265	2.7166227325648736e-4	3.398800076786088e-4	0.7992652538151818	1.2540459191824433	1.357774734008683	FALSE	FALSE
266	2.5254682181963576e-4	3.01594320150463e-4	0.8373448420554663	1.3053707147820353	1.4403153923402583	FALSE	FALSE
267	2.4643382281305755e-4	2.762258795334847e-4	0.8921137371048333	1.3476397851252453	1.495591329876912	FALSE	FALSE
268	2.5221433564451637e-4	2.7619821180925467e-4	0.9131311990777881	1.345721429362074	1.487071585199912	FALSE	FALSE
269	2.5150187493186524e-4	3.0010761346763913e-4	0.838011045156415	1.2958089147487177	1.4287621580452012	FALSE	FALSE
270	2.392358509942528e-4	2.821910857505261e-4	0.84774957671759	1.3287633444878355	1.4730568648945603	FALSE	FALSE
271	2.4732363239325254e-4	2.8133825869065127e-4	0.8790658010263018	1.3401396520306403	1.5021776134477918	FALSE	FALSE
272	2.5428329754902085e-4	2.881936994932726e-4	0.8823040717246464	1.340821425759152	1.5086692612270227	FALSE	FALSE
273	2.5075176882441175e-4	2.977442438730977e-4	0.8421433916867419	1.3365372157020152	1.481420943451236	FALSE	FALSE
274	2.5315580310244e-4	2.9958364771382135e-4	0.8449972321985283	1.350279941548337	1.4974569239688194	FALSE	FALSE
275	2.6304995548305857e-4	3.0024623768263047e-4	0.8760848983963532	1.3668748726717268	1.5229122447594432	FALSE	FALSE
276	2.6093743235348525e-4	2.9141804715248195e-4	0.8953751531572962	1.3789421221008635	1.5438038282572386	FALSE	FALSE
277	2.590312306308248e-4	2.922669019676382e-4	0.8862528269835894	1.37522691688665	1.542504859162779	FALSE	FALSE
278	2.6414119910170476e-4	2.9755045116518274e-4	0.8876892008577908	1.3661830667754897	1.5344760139527853	FALSE	FALSE
279	2.6844742661469144e-4	3.082027437880553e-4	0.8709809442509335	1.3424613595823212	1.5008513436817397	FALSE	FALSE
280	2.6645518027440095e-4	3.1354856086111355e-4	0.8497780431911843	1.3320286865363988	1.4860554035932598	FALSE	FALSE
281	2.795488136800271e-4	3.290071768734094e-4	0.8496480832293586	1.3339635717997906	1.4987795308686993	FALSE	FALSE
282	2.808490211831778e-4	3.427613049500912e-4	0.8193481109046467	1.325975496076155	1.47912378708614	FALSE	FALSE
283	2.6776776891196716e-4	3.5231190660474235e-4	0.7600088552324011	1.294996099234472	1.4443384440520126	FALSE	FALSE
284	2.7390739780352286e-4	3.5509825503530357e-4	0.7713349208857225	1.301107883261497	1.4514576305394749	FALSE	FALSE
285	2.755554374167032e-4	3.6617738612414587e-4	0.7524984416674682	1.2962655559450278	1.451088713156037	FALSE	FALSE
286	2.745196199536792e-4	3.697856309311894e-4	0.7423549576894841	1.2960593380450078	1.4401172822328538	FALSE	FALSE
287	2.6666775596687065e-4	3.7230768447574117e-4	0.7162371466248355	1.299600222032935	1.4581972123335016	FALSE	FALSE
288	2.728009652798523e-4	3.7889382709636e-4	0.719974161703243	1.3030281536733597	1.4658365142908405	FALSE	FALSE
289	2.833385453561964e-4	3.9251732104531414e-4	0.7218313991537094	1.3002832329847802	1.4659601558817232	FALSE	FALSE
290	2.8921272606513283e-4	4.098678187452747e-4	0.7056071659366101	1.294652072271677	1.4611278549638225	FALSE	FALSE
291	2.9816675673271375e-4	4.2574616763143294e-4	0.7003228124479682	1.3027479580033312	1.4709243055352021	FALSE	FALSE
292	2.9955606631050193e-4	4.348441843325771e-4	0.6888655487362197	1.2966085417719344	1.4760668589648784	FALSE	FALSE
293	3.258745235218196e-4	4.441313636856429e-4	0.7337180235085446	1.3038245519673581	1.4679494760416325	FALSE	FALSE
294	3.2057731086749456e-4	4.639274131309653e-4	0.6909925817450694	1.2935269281775548	1.4698691449432462	FALSE	FALSE
295	3.21882380695269e-4	4.888679848369589e-4	0.6584104637123657	1.2894993486030046	1.4639941220826604	FALSE	FALSE
296	3.192904170869907e-4	4.942172457913623e-4	0.6460396908627309	1.2851269473907223	1.468343733390027	FALSE	FALSE
297	3.395350981457162e-4	4.933360704391235e-4	0.6882290515529972	1.3054497809580556	1.4949097042321908	FALSE	FALSE
298	3.503142688688267e-4	5.191950479321482e-4	0.674712756095174	1.3139686179027452	1.4942493716311531	FALSE	FALSE
299	3.632983241550432e-4	5.476328280898653e-4	0.6633855234116712	1.3045720913386274	1.4905674351203577	FALSE	FALSE
300	3.6042474115903766e-4	5.551027738703029e-4	0.6492820164200501	1.3039162279142156	1.4829174522564292	FALSE	FALSE
301	3.68317054159158e-4	5.525848128589441e-4	0.6665228221264086	1.3163670139429238	1.5123103743170037	FALSE	FALSE
302	3.8535936384416047e-4	5.693894075287382e-4	0.6767821651179202	1.3195469329002687	1.513905142583713	FALSE	FALSE
303	3.8862907686919854e-4	5.894721043332083e-4	0.6592720525567026	1.3140944348126045	1.50538869931764	FALSE	FALSE
304	3.8939826346465797e-4	6.105434262959517e-4	0.637779179828738	1.3134867862449575	1.5046368044069711	FALSE	FALSE
305	4.061564628622059e-4	6.303737711489353e-4	0.6443003158567144	1.322842187883269	1.5138374373398629	FALSE	FALSE
306	4.3130847979765943e-4	6.437378123515888e-4	0.6699960318654975	1.333450945332413	1.5337103385353634	FALSE	FALSE
307	4.420806973022692e-4	6.710904192661683e-4	0.6587400106018017	1.3338166031763778	1.5383323605970567	FALSE	FALSE
308	4.4822410430414117e-4	6.934993658105988e-4	0.6463129791769151	1.3324353746028832	1.5400214282194409	FALSE	FALSE
309	4.577580086769739e-4	7.039675579421824e-4	0.6502451726089961	1.3426725273774065	1.5567772354062914	FALSE	FALSE
310	4.723082271779226e-4	6.959372114364641e-4	0.6786552477206692	1.3587399937665874	1.588291284276287	FALSE	FALSE
311	4.859776872995778e-4	7.097593120494723e-4	0.684698082953612	1.360138217636204	1.5904274019218727	FALSE	FALSE
312	4.922547416074651e-4	7.280740740062088e-4	0.6760960158060912	1.3615429741808451	1.5883699159459534	FALSE	FALSE
313	4.965435954132632e-4	7.473807669854241e-4	0.6643694535002824	1.3658145165296347	1.591862559199116	FALSE	FALSE
314	5.096608862619516e-4	7.3962091318991e-4	0.689074614342261	1.3831291777827825	1.613053424783246	FALSE	FALSE
315	5.221457608399063e-4	7.475084241538261e-4	0.6985055404232523	1.3962172336111105	1.6288506991944582	FALSE	FALSE
316	5.353198089609256e-4	7.7277908915884e-4	0.6927113962538042	1.3912341530087309	1.6212429458545985	FALSE	FALSE
317	5.40451909242107e-4	7.899473722025045e-4	0.6841532572007731	1.3932068288706279	1.6285539154323687	FALSE	FALSE
318	5.465204645481876e-4	7.834641672567527e-4	0.6975602864632638	1.4101187097499157	1.6469933563390726	FALSE	FALSE
319	5.58765419504633e-4	7.900420181976813e-4	0.7072514298227165	1.4151863231195425	1.6504212993029006	FALSE	FALSE
320	5.672496710771123e-4	8.079630464646929e-4	0.7020650918482095	1.4162460937112769	1.654942279694797	FALSE	FALSE
321	5.657493148193315e-4	8.103578267357788e-4	0.6981389143967021	1.4240680292384325	1.6653759187233748	FALSE	FALSE
322	5.770041397026942e-4	8.029271268850391e-4	0.7186168385825644	1.444633743186014	1.6969545362881757	FALSE	FALSE
323	5.798272314037933e-4	8.071598819249907e-4	0.7183459695262463	1.4501472411966971	1.693461535267126	FALSE	FALSE
324	5.831605952491077e-4	8.176133100731368e-4	0.713238710375006	1.4434566152618922	1.6872248245025026	FALSE	FALSE
325	5.788948083021473e-4	8.232789955466721e-4	0.7031489688718058	1.4486414529801106	1.69359836408976	FALSE	FALSE
326	5.765567976793089e-4	8.157603551721476e-4	0.7067636057425024	1.464954659546916	1.7200313974404156	FALSE	FALSE
327	5.782069777172066e-4	8.078314622577671e-4	0.7157431312094644	1.4742774807132326	1.7328540811609525	FALSE	FALSE
328	5.818358877383044e-4	8.107288226827102e-4	0.7176613126938056	1.4732204470959738	1.7263245006667047	FALSE	FALSE
329	5.813357011528726e-4	8.201434997462491e-4	0.7088132908446219	1.4758204295591955	1.7224955501631418	FALSE	FALSE
330	5.890811576622368e-4	8.205712852692139e-4	0.7178827597426533	1.4880360359223765	1.756700030575789	FALSE	FALSE
331	5.975716016220914e-4	8.20102558469408e-4	0.7286458370267501	1.498336998729399	1.7634709356966018	FALSE	FALSE
332	5.994710720952308e-4	8.288876743850567e-4	0.7232148075936717	1.4919884223642872	1.7496714644194296	FALSE	FALSE
333	5.973059649880051e-4	8.356044226744944e-4	0.7148105020450083	1.4935136277063383	1.7499320417338715	FALSE	FALSE
334	5.953752253057519e-4	8.26530794392078e-4	0.7203216457617815	1.5020037985140948	1.779460580247567	FALSE	FALSE
335	5.995719283356575e-4	8.030144359002637e-4	0.7466421960914335	1.52163985482148	1.8141729547616445	FALSE	FALSE
336	5.928677476259847e-4	7.909019776879362e-4	0.749600163293908	1.5272748311263624	1.8123435505620944	FALSE	FALSE
337	5.833282178109219e-4	7.875832944038336e-4	0.740646501126537	1.531269826449657	1.8097592332272465	FALSE	FALSE
338	5.802090692553271e-4	7.828501601050638e-4	0.7411401152122239	1.5378569951211865	1.8240949198724448	FALSE	FALSE
339	5.84881399673969e-4	7.713926468841059e-4	0.7582050723269562	1.5461486491504506	1.8452842688563529	FALSE	FALSE
340	5.793324746545662e-4	7.649742557412323e-4	0.7573129385430571	1.548523611166668	1.8427247874941834	FALSE	FALSE
341	5.740438289175057e-4	7.719110333725246e-4	0.743656156653106	1.5443404569955559	1.8353605367450816	FALSE	FALSE
342	5.750810941740962e-4	7.678028468348168e-4	0.7489860277081507	1.5508707348645348	1.841498363634484	FALSE	FALSE
343	5.847388882694229e-4	7.526835405075108e-4	0.7768618392488889	1.570374069490773	1.8719424043113067	FALSE	FALSE
344	5.779309537767118e-4	7.462760776685658e-4	0.774409400188995	1.5736640529817523	1.8795548830736808	FALSE	FALSE
345	5.683752976800404e-4	7.464672821343587e-4	0.7614100405774148	1.5723102333530345	1.8677591056740501	FALSE	FALSE
346	5.657853181537543e-4	7.358557853494942e-4	0.7688702606074266	1.5827398966816975	1.8825424449691663	FALSE	FALSE
347	5.691058615929681e-4	7.193359553399623e-4	0.7911434788341989	1.5960411144643607	1.9158529475644759	FALSE	FALSE
348	5.592617166236971e-4	7.074340712963903e-4	0.7905384175442318	1.605915178864888	1.9151717190833448	FALSE	FALSE
349	5.481223849922057e-4	7.034372895636859e-4	0.7791946790102487	1.6065703696764797	1.9073891946220465	FALSE	FALSE
350	5.4418257810468e-4	7.005460514208806e-4	0.7767866354176213	1.6082945989930173	1.907945805464303	FALSE	FALSE
351	5.472944116158523e-4	6.88629938810544e-4	0.7947468346973436	1.6136775288764797	1.9279410335268756	FALSE	FALSE
352	5.342729399151804e-4	6.781969002700985e-4	0.7877727868920297	1.6142590620527983	1.9199032009272614	FALSE	FALSE
353	5.180812068709314e-4	6.719437381517608e-4	0.7710072546004986	1.6151445860912035	1.909236914127886	FALSE	FALSE
354	5.115472355640831e-4	6.680190651204402e-4	0.7657559562499803	1.6142768754118364	1.9104590440919271	FALSE	FALSE
355	5.096405882328979e-4	6.541865145029181e-4	0.7790328699934164	1.6182058244743447	1.9273414418115256	FALSE	FALSE
356	5.004665081685352e-4	6.393709507350327e-4	0.7827360317713542	1.625966077995133	1.938727960045589	FALSE	FALSE
357	4.886740606000692e-4	6.334041451880523e-4	0.7714921813989302	1.622543126912397	1.9295932717016502	FALSE	FALSE
358	4.833069675599473e-4	6.30488891945537e-4	0.7665468944260979	1.6180071620587047	1.9304558003748595	FALSE	FALSE
359	4.806376610208097e-4	6.179750720624975e-4	0.7777496298036829	1.624991403992259	1.9474335613936358	FALSE	FALSE
360	4.6833573727862515e-4	6.010267317317573e-4	0.7792131704317256	1.6287637575305676	1.95170834681469	FALSE	FALSE
361	4.533989100075444e-4	5.914813732389075e-4	0.7665351187200043	1.6265982218993316	1.947210780184053	FALSE	FALSE
362	4.4278403550543246e-4	5.8656016048423e-4	0.754869690507103	1.6174535122955185	1.9319012191473346	FALSE	FALSE
363	4.353105229092833e-4	0.00056921275210931085	0.7647454731846142	1.6200712030070363	1.9418245251220845	FALSE	FALSE
364	4.2271603056842177e-4	5.489858129239079e-4	0.7699804272041164	1.6274935216155384	1.9556136063899243	FALSE	FALSE
365	0.00040795993273478925	5.370463245030216e-4	0.7596222483969537	1.625914215647611	1.9471523744847852	FALSE	FALSE
366	3.9816524070444137e-4	5.273747122126249e-4	0.754980627015054	1.6203568109179933	1.9476922759579958	FALSE	FALSE
367	3.912122857040176e-4	5.129727677528204e-4	0.7626226655093458	1.6284308436032484	1.9506978545861533	FALSE	FALSE
368	3.832846843483273e-4	4.997477052763546e-4	0.7669410202217485	1.638379521645714	1.9557699828192678	FALSE	FALSE
369	3.695564363523843e-4	4.895792186194119e-4	0.754829604692875	1.629996175353029	1.9484956640028213	FALSE	FALSE
370	3.6039890979736353e-4	4.827825700916238e-4	0.7464881030148568	1.6265408739580416	1.9413726163640403	FALSE	FALSE
371	3.5112123051252294e-4	4.681194833948572e-4	0.7500515198619945	1.6262514234828127	1.9453448571732008	FALSE	FALSE
372	3.395877754788485e-4	4.463625711591249e-4	0.7607720487775911	1.6384616570960673	1.9605050114719587	FALSE	FALSE
373	3.2325294541658703e-4	4.329930607934863e-4	0.746537321986177	1.6305984791516157	1.9404694821058193	FALSE	FALSE
374	3.0949862873321145e-4	4.2093465192800787e-4	0.7352477987679565	1.621989905880862	1.9382169770703677	FALSE	FALSE
375	2.989052684085816e-4	4.030543882238699e-4	0.7415819336600973	1.6258153471123629	1.9430462698665996	FALSE	FALSE
376	2.881582368171998e-4	3.8524406199214083e-4	0.7479693668306558	1.628091114180785	1.9458467941666218	FALSE	FALSE
377	2.7661602725598e-4	3.736181342227498e-4	0.7403511725138635	1.626458201760488	1.9375591244844654	FALSE	FALSE
378	2.653860402665046e-4	3.628197404521584e-4	0.7314340878886624	1.6227426620766632	1.9461017899878672	FALSE	FALSE
379	2.5701179802537974e-4	3.498688915617062e-4	0.734573603106468	1.6233611254250113	1.9467579953338374	FALSE	FALSE
380	2.5027765559989217e-4	3.366098736526344e-4	0.7435023157847159	1.631279420951901	1.9469070612380084	FALSE	FALSE
381	2.4010133528860658e-4	3.262652360972278e-4	0.735885867896692	1.6276378979743695	1.9449711885806489	FALSE	FALSE
382	2.283220464636455e-4	3.1335491539982507e-4	0.7286139425414851	1.6216711322331177	1.9511070676443072	FALSE	FALSE
383	2.1873564027360243e-4	2.9974783029733837e-4	0.7297078446845986	1.6270497923323355	1.9512109586399322	FALSE	FALSE
384	2.1041292054817584e-4	2.8675568464940854e-4	0.733745116000963	1.6253683188342776	1.9427390981818693	FALSE	FALSE
385	1.9937818208700352e-4	2.7415673287113206e-4	0.7272150782083333	1.625796997500974	1.9412287807305286	FALSE	FALSE
386	1.8703400276808935e-4	2.6193727505866563e-4	0.7140139279028624	1.6229635193674257	1.9491928427805794	FALSE	FALSE
387	1.7938713306720386e-4	2.502188399028837e-4	0.7168923179951031	1.6258244140657003	1.9524679492034105	FALSE	FALSE
388	1.7271107916737053e-4	2.385597906345415e-4	0.7239436255026181	1.631612329519508	1.9548740195211378	FALSE	FALSE
389	1.6508407499581408e-4	2.2877984454400965e-4	0.7215533334743744	1.6297820005076797	1.9657441856231443	FALSE	FALSE
390	1.5717877163523323e-4	2.2055913248488054e-4	0.7126054759543811	1.6323593084890617	1.9617734416723678	FALSE	FALSE
391	1.5128974293116652e-4	2.1131430489306735e-4	0.7159126490808568	1.6367466560179613	1.9661738533022621	FALSE	FALSE
392	1.456163769024531e-4	2.0139265701448505e-4	0.7230112008501469	1.6384456857949334	1.9716297488060608	FALSE	FALSE
393	1.381253812093439e-4	1.9272649719789714e-4	0.7166539976469538	1.6375174748336605	1.968424115629877	FALSE	FALSE
394	1.3009564876490434e-4	1.839725549458741e-4	0.7071086103961174	1.637626003332804	1.9660532124479542	FALSE	FALSE
395	1.2451667804044229e-4	1.7443470451205167e-4	0.7137888099769744	1.6462366181251906	1.9766482140615487	FALSE	FALSE
396	1.1820933345678697e-4	1.6531886749681225e-4	0.7149951200087075	1.643271510116676	1.9690715469632987	FALSE	FALSE
397	1.1200098470789435e-4	1.572367661692283e-4	0.7122625630810072	1.6482815944291838	1.974684341897992	FALSE	FALSE
398	1.0563387861805286e-4	1.500464450483404e-4	0.7039609567188075	1.6457827937131553	1.974738354860152	FALSE	FALSE
399	1.0132990219831586e-4	1.4302147959289728e-4	0.7084447597600587	1.648778059112952	1.9754890926142568	FALSE	FALSE
400	9.784672271369454e-5	1.362277352320897e-4	0.71820573460801	1.6601483429835309	1.986490738146616	FALSE	FALSE
401	9.365786188578799e-5	1.2985091205189192e-4	0.7212167264647169	1.6636182024044373	1.997479063387484	FALSE	FALSE
402	8.845286672446336e-5	1.246222266245048e-4	0.7097110363835226	1.6603963625119842	1.9852795252096473	FALSE	FALSE
403	8.458765608999218e-5	1.1803308189339869e-4	0.7165829181449267	1.6683767684016753	1.995342483024558	FALSE	FALSE
404	8.127466083078901e-5	1.113334950674023e-4	0.729945299288378	1.6814762379098238	2.012307962596723	FALSE	FALSE
405	7.685769253487524e-5	1.0653331786686443e-4	0.7213750620279719	1.676844205059084	2.0064857372002507	FALSE	FALSE
406	7.330480241164581e-5	1.0074786608593497e-4	0.727534288480516	1.6882706145386512	2.0203439373795016	FALSE	FALSE
407	6.958182559725867e-5	9.546998452605193e-5	0.7287582412445105	1.6922242026944327	2.0250281435755726	FALSE	FALSE
408	6.65069092644563e-5	9.042011535251308e-5	0.7354508949280917	1.6980517353140692	2.031463110833922	FALSE	FALSE
409	6.350621504696802e-5	8.61618559285313e-5	0.7369716523181122	1.7027095897329985	2.0406672738007603	FALSE	FALSE
410	6.057045018020283e-5	8.236874188211718e-5	0.7352679683658959	1.7060189609139096	2.0403188454523793	FALSE	FALSE
411	5.854445816421564e-5	7.875962641178072e-5	0.7432364584054925	1.715558286005872	2.054525265321167	FALSE	FALSE
412	5.629069208835142e-5	7.51896905993385e-5	0.748549517155149	1.7218319067671382	2.0563782418109757	FALSE	FALSE
413	5.4049818662567794e-5	7.19447105969657e-5	0.7511644229286506	1.7262163237620365	2.0636358746656995	FALSE	FALSE
414	5.185853898622787e-5	6.866686542248282e-5	0.7551092885094155	1.739323150196191	2.072381240517453	FALSE	FALSE
415	4.982764125357847e-5	6.478902168715033e-5	0.7689566903362572	1.756067536793524	2.092997372567504	FALSE	FALSE
416	4.758392247210468e-5	6.210809208689634e-5	0.7660235669431062	1.751142361194292	2.0884436230053187	FALSE	FALSE
417	4.576181967691971e-5	5.847143379585293e-5	0.7825016711571253	1.7748852730268443	2.114226148171066	FALSE	FALSE
418	4.369109968783572e-5	5.581749687816365e-5	0.7826089674625021	1.7784811908170197	2.1176937376674148	FALSE	FALSE
419	4.220548822084531e-5	5.3384285580443654e-5	0.7904495352271108	1.788503175790162	2.132503218583984	FALSE	FALSE
420	4.0991274919282754e-5	5.11771812282185e-5	0.8008113347074688	1.8062317445558371	2.1471923665053696	FALSE	FALSE
421	3.933250431824234e-5	4.906752536986014e-5	0.8014361771874813	1.8022293477098175	2.1457991127572176	FALSE	FALSE
422	3.859776960825617e-5	4.734957190024902e-5	0.8149940563135288	1.8194295747953309	2.1661782622665977	FALSE	FALSE
423	3.7289444754199217e-5	4.552141031017256e-5	0.8189828626034907	1.824005789449108	2.1736259983989683	FALSE	FALSE
424	3.590666694072486e-5	4.369083838668734e-5	0.8216470957148311	1.8358699235676674	2.1777321423852967	FALSE	FALSE
425	3.5146853213046864e-5	4.199819148941531e-5	0.8366666587373256	1.8572011041838055	2.2086865106281355	FALSE	FALSE
426	3.393959092711733e-5	4.0349417270524085e-5	0.8409336215046053	1.8613662147417422	2.2138679728536776	FALSE	FALSE
427	3.2977637825212906e-5	3.843680529749162e-5	0.8577471540233398	1.8824234829206568	2.2411114135429204	FALSE	FALSE
428	3.225366306936559e-5	3.7389079762376714e-5	0.862418628327123	1.8856095717351842	2.2391153815623697	FALSE	FALSE
429	3.1311054062207e-5	3.6079279256778514e-5	0.8675998719571536	1.8981611405127836	2.2567493456026972	FALSE	FALSE
430	3.0294140912276678e-5	3.468787059364846e-5	0.873083575273409	1.9060133768339012	2.2682750638311737	FALSE	FALSE
431	2.981415038340402e-5	3.3890199076248287e-5	0.8794682979986657	1.9178412191597045	2.2840350734631287	FALSE	FALSE
432	2.942165175373339e-5	3.2981961622591676e-5	0.891782431438891	1.9330568444439622	2.2958177059623313	FALSE	FALSE
433	2.8670581021540513e-5	3.217020267324685e-5	0.8909384851505588	1.9320630490607837	2.3005540449168547	FALSE	FALSE
434	2.8183599434125436e-5	3.159419908620907e-5	0.8917675577617703	1.931144761840755	2.300833766771898	FALSE	FALSE
435	2.7849900119056944e-5	3.097192925112569e-5	0.8989078728221888	1.94441797699108	2.3081926739025396	FALSE	FALSE
436	2.733538056192023e-5	3.0149610314353643e-5	0.9063572200371136	1.955882108082095	2.320263998558124	FALSE	FALSE
437	2.686604455824993e-5	2.958950248355008e-5	0.9076518962837544	1.958376962915749	2.3265059133970536	FALSE	FALSE
438	2.613164710360925e-5	2.848507859433687e-5	0.9170582568178166	1.9683080956275176	2.342886077124571	FALSE	FALSE
439	2.5931168440795972e-5	2.8129474405370535e-5	0.9215228425107649	1.973324841404519	2.3427508349939585	FALSE	FALSE
440	2.5653578158002684e-5	2.7574017477936542e-5	0.9300160202741334	1.9892184526709074	2.361221570319486	FALSE	FALSE
441	2.5584114330035708e-5	2.7186620384536596e-5	0.9407093222723465	1.9969145250388993	2.375743184218362	FALSE	FALSE
442	2.517155047114518e-5	2.732514652949139e-5	0.9208492972220966	1.9785534791921604	2.349858238273144	FALSE	FALSE
443	2.524443755656351e-5	2.7382134979200075e-5	0.9215943764782337	1.9745963709119478	2.3436149623094935	FALSE	FALSE
444	2.5194010467372293e-5	2.691352636873002e-5	0.9357619103206907	1.9892650149327022	2.3709677461180454	FALSE	FALSE
445	2.5033887988275138e-5	2.6613255801160985e-5	0.9403015234216192	1.9974663987120396	2.380873243592857	FALSE	FALSE
446	2.4944346916554905e-5	2.6782203386584093e-5	0.9310300670920375	1.9889991879155016	2.3674208478666223	FALSE	FALSE
447	2.5040571977017542e-5	2.639327205752763e-5	0.9483889694602613	2.0067365127163495	2.384528318047937	FALSE	FALSE
448	2.4984041366092684e-5	2.646260085276083e-5	0.9437698058098849	1.9997569323117739	2.3859778092105155	FALSE	FALSE
449	2.5011429067807452e-5	2.6183637961176216e-5	0.9548665635861266	2.0091700791480562	2.395609536865743	FALSE	FALSE
450	2.4992468952235026e-5	2.645170419040694e-5	0.9444769230432049	2.001388676118132	2.3900184708201966	FALSE	FALSE
